語句,読み,意味,解説,関連事項,例文1,例文2
たまふ,たまう,お与えになる・〜なさる,「たまふ」は尊敬語で「お与えになる」「〜なさる」の意。補助動詞として「〜なさる」の意でも使う。「賜ふ」「給ふ」と書く。最頻出の尊敬語。,尊敬語|お与えになる|なさる|最頻出|時代:平安時代|種別:古文敬語,少しのことにも先達はあらまほしきことなり（すこしのことにもせんだつはあらまほしきことなり）＜些細なことでも、先に知っている人がいてほしいものだ。＞【徒然草】,中納言参り給ひて、御扇奉らせ給ふに（ちゅうなごんまいりきゅうひて、ごおうぎたてまつらせきゅうふに）＜中納言が参上なさって、御扇を差し上げなさるときに。＞【枕草子】
きこゆ,きこゆ,申し上げる・お聞こえになる,「きこゆ」は謙譲語で「申し上げる」の意。尊敬語で「お聞こえになる」の意もある。「聞こゆ」と書く。謙譲と尊敬の両方の用法がある重要語。,謙譲語|尊敬語|申し上げる|聞こえる|時代:平安時代|種別:古文敬語,冬はつとめて。（ふゆはつとめて。）＜冬は早朝がよい。＞【枕草子】,今となっては昔のことだが（いまとなってはむかしのことだが）＜今となってはもう昔の話だが。＞【今昔物語集】
はべり,はべり,あります・ございます,「はべり」は丁寧語で「あります」「ございます」「お仕えする」の意。「侍り」と書く。「あり」の丁寧語。会話文に頻出。,丁寧語|あります|ございます|侍り|時代:平安時代|種別:古文敬語,今となっては昔のことだが（いまとなってはむかしのことだが）＜今となってはもう昔の話だが。＞【今昔物語集】,祇園精舎の鐘の声、諸行無常の響きあり（ぎおんしょうじゃのかねのこえ、しょぎょうむじょうのひびきあり）＜この世は無常である。＞【平家物語】
さぶらふ,さぶらう,お仕えする・おります,「さぶらふ」は謙譲語で「お仕えする」「おります」の意。「候ふ」と書く。貴人の近くに控える意味。「はべり」より古風。,謙譲語|お仕えする|おります|候ふ|時代:平安時代|種別:古文敬語,月日は百代の過客にして（つきひはひゃくだいのかかくにして）＜月日も年も旅人のように過ぎていく。＞【奥の細道】,つれづれなるままに、日暮らし、硯にむかひて（つれづれなるままに、ひぐらし、すずりにむかひて）＜退屈なので、硯に向かって書きつける。＞【徒然草】
おはす,おわす,いらっしゃる・おいでになる,「おはす」は尊敬語で「いらっしゃる」「おいでになる」「おられる」の意。「御座す」と書く。「あり」「をり」「行く」「来」の尊敬語。最重要尊敬語。,尊敬語|いらっしゃる|おいでになる|御座す|時代:平安時代|種別:古文敬語,高名の木登りといひし男、人を掟てて、高き木に登せて、梢を切らせしに（こうみょうのきのぼりといひしおとこ、ひとをおきててて、たかききにのぼせて、こずえをきらせしに）＜危険は油断した時に起こる。＞【徒然草】,春はあけぼの（はるはあけぼの）＜春は夜明けがよい。＞【枕草子】
まかる,まかる,退出する・参る,「まかる」は謙譲語で「退出する」「参る」の意。「罷る」と書く。貴人の前から退く意味。「行く」の謙譲語としても使う。,謙譲語|退出する|参る|罷る|時代:平安時代|種別:古文敬語,あやふき時は言はで、やすき時に教へけり（あやふきじはげんはで、やすきときにきょうへけり）＜危ない時には言わず、安心な時にこそ教えたのだ。＞【徒然草】,世にしたがへば、身苦し。（よにしたがへば、みにがし。）＜世間に合わせて生きると、身が苦しくなる。＞【徒然草】
まかづ,まかず,退出させる・お帰しになる,「まかづ」は「退出させる」「お帰しになる」の意。「まかる」の使役形。「罷づ」と書く。貴人が人を退出させる意味。,退出させる|帰す|使役|罷づ|時代:平安時代|種別:古文敬語,やうやう白くなりゆく山ぎは（やうやうしろくなりゆくやまぎは）＜だんだんと白くなっていく山際、夜明けの山の端。＞【枕草子】,いづれの御時にか（いづれのおほむときにか）＜いつの帝の御代であったか。＞【源氏物語】
まゐる,まいる,参上する・差し上げる,「まゐる」は謙譲語で「参上する」「差し上げる」の意。「参る」と書く。「行く」「来」「食ふ」「飲む」などの謙譲語。最頻出謙譲語。,謙譲語|参上する|差し上げる|参る|時代:平安時代|種別:古文敬語,月やあらぬ、春や昔の春ならぬ、我が身ひとつはもとの身にして（つきやあらぬ、はるやむかしのはるならぬ、わがみひとつはもとのみにして）＜月は同じでも春は昔の春ではない。私だけが昔のままの私でいる。＞【伊勢物語】,祇園精舎の鐘の声、諸行無常の響きあり。（ぎおんしょうじゃのかねのこえ、しょぎょうむじょうのひびきあり。）＜この世は無常である。＞【平家物語】
たてまつる,たてまつる,差し上げる・申し上げる,「たてまつる」は謙譲語で「差し上げる」「申し上げる」の意。「奉る」と書く。「〜してさしあげる」の補助動詞としても頻出。最重要謙譲語。,謙譲語|差し上げる|申し上げる|奉る|時代:平安時代|種別:古文敬語,あやふき時は言はで、やすき時に教へけり（あやふきじはげんはで、やすきときにきょうへけり）＜危ない時には言わず、安心な時にこそ教えたのだ。＞【徒然草】,世にしたがへば、身苦し。（よにしたがへば、みにがし。）＜世間に合わせて生きると、身が苦しくなる。＞【徒然草】
けり,けり,〜た・〜たなあ,「けり」は過去・詠嘆の助動詞。「〜た」「〜たなあ」の意。ラ変型活用。連用形接続。伝聞過去や詠嘆を表す。最重要助動詞の一つ。,過去|詠嘆|助動詞|伝聞過去|時代:平安時代|種別:助動詞,花の色はうつりにけり（はなのいろはうつりにけり）＜花の色は移り変わってしまった。＞【古今和歌集】,むかし、男ありけり（むかし、おとこありけり）＜昔、男がいた。＞【伊勢物語】
き,き,〜た,「き」は過去の助動詞。「〜た」の意。特殊型活用。連用形接続。直接過去(自分が体験した過去)を表す。「けり」(伝聞過去)と対比される重要助動詞。,過去|直接過去|体験|けりと対|時代:平安時代|種別:助動詞,きのふ、都へ行きき（きのふ、みやこへいきき）＜昨日、都へ行った。＞【出典要確認】,そのことを思ひ出でしか（そのことをおもひいでしか）＜そのことを思い出した。＞【出典要確認】
つ,つ,〜てしまった・〜た,「つ」は完了の助動詞。「〜てしまった」「〜た」の意。下二段型活用。連用形接続。強い完了・確述を表す。「ぬ」と対で重要助動詞。,完了|確述|てしまった|強意|時代:平安時代|種別:助動詞,いづれの御時にか、女御、更衣あまた候ひ給ひける中に、いとやむごとなき際にはあらぬが、すぐれて時めき給ふありけり。（いづれのおほむときにか、にょうご、こういあまたさぶらひたまひけるなかに、いとやむごとなききはにはあらぬが、すぐれてときめきたまふありけり。）＜いつの帝の御代であったか。＞【源氏物語】,祇園精舎の鐘の声（ぎおんしょうじゃのかねのこえ）＜この世は無常である。＞【平家物語】
ぬ,ぬ,〜てしまった・〜た,「ぬ」は完了の助動詞。「〜てしまった」「〜た」の意。ナ変型活用。連用形接続。完了・確述を表す。「つ」と対。打消の「ず」の連体形とは別。,完了|確述|てしまった|つと対|時代:平安時代|種別:助動詞,月やあらぬ、春や昔の春ならぬ、我が身ひとつはもとの身にして（つきやあらぬ、はるやむかしのはるならぬ、わがみひとつはもとのみにして）＜月は同じでも春は昔の春ではない。私だけが昔のままの私でいる。＞【伊勢物語】,祇園精舎の鐘の声、諸行無常の響きあり。（ぎおんしょうじゃのかねのこえ、しょぎょうむじょうのひびきあり。）＜この世は無常である。＞【平家物語】
たり,たり,〜ている・〜だ,「たり」は完了・存続の助動詞。「〜ている」「〜だ」の意。ラ変型活用。連用形(音便)接続。状態の継続を表す。「咲きたり」などの形。,完了|存続|ている|音便接続|時代:平安時代|種別:助動詞,高名の木登りといひし男、人を掟てて、高き木に登せて、梢を切らせしに（こうみょうのきのぼりといひしおとこ、ひとをおきててて、たかききにのぼせて、こずえをきらせしに）＜危険は油断した時に起こる。＞【徒然草】,春はあけぼの（はるはあけぼの）＜春は夜明けがよい。＞【枕草子】
り,り,〜ている・〜た,「り」は完了・存続の助動詞。「〜ている」「〜た」の意。ラ変型活用。サ変の未然形・四段の已然形に接続。特殊な接続をする助動詞。,完了|存続|ている|特殊接続|時代:平安時代|種別:助動詞,奥山に、猫またといふものありて、人を食ふなる（おくやまに、ねこまたといふものありて、ひとをしょくふなる）＜奥深い山には猫またというものがいて、人を食うという。＞【徒然草】,やうやう白くなりゆく山ぎは（やうやうしろくなりゆくやまぎは）＜だんだんと白くなっていく山際、夜明けの山の端。＞【枕草子】
ず,ず,〜ない,「ず」は打消の助動詞。「〜ない」の意。特殊型活用。未然形接続。連体形は「ぬ」、已然形は「ね」。打消表現として最重要。「〜ず」「〜ぬ」「〜ね」の使い分けに注意。,打消|ない|ぬね|未然形接続|時代:平安時代|種別:助動詞,あやふき時は言はで、やすき時に教へけり（あやふきじはげんはで、やすきときにきょうへけり）＜危ない時には言わず、安心な時にこそ教えたのだ。＞【徒然草】,世にしたがへば、身苦し。（よにしたがへば、みにがし。）＜世間に合わせて生きると、身が苦しくなる。＞【徒然草】
む,む,〜だろう・〜よう,「む」は推量・意志・勧誘・仮定・婉曲の助動詞。「〜だろう」「〜よう」の意。特殊型活用。未然形接続。多義的な最重要助動詞。現代語の「う・よう」の原型。,推量|意志|勧誘|仮定婉曲|時代:平安時代|種別:助動詞,雪のいと高う降りたるを、例ならず御格子まゐりて、炭櫃に火おこして、物語などして集まりさぶらふに（ゆきのいとたかうおりたるを、れいならずごこうしまゐりて、すびつにひおこして、ものがたりなどしてあつまりさぶらふに）＜雪がたいそう降ったので、いつもと違って御格子を上げ、炭びつに火をおこし、物語などしながら集まってお仕えしているときに。＞【枕草子】,月日は百代の過客にして（つきひはひゃくだいのかかくにして）＜月日も年も旅人のように過ぎていく。＞【奥の細道】
むず,むず,〜にちがいない・きっと〜だろう,「むず」は推量の助動詞。「〜にちがいない」「きっと〜だろう」の意。サ変型活用。終止形接続。「む」+「す」の融合。強い推量を表す。,推量|にちがいない|強意|むとす|時代:平安時代|種別:助動詞,今となっては昔のことだが（いまとなってはむかしのことだが）＜今となってはもう昔の話だが。＞【今昔物語集】,祇園精舎の鐘の声、諸行無常の響きあり（ぎおんしょうじゃのかねのこえ、しょぎょうむじょうのひびきあり）＜この世は無常である。＞【平家物語】
べし,べし,〜するべきだ・〜だろう,「べし」は推量・当然・義務・命令・可能・意志の助動詞。「〜するべきだ」「〜だろう」の意。特殊型活用。終止形接続(ラ変は連体形)。多義的な最重要助動詞。,推量|当然|義務|命令可能意志|時代:平安時代|種別:助動詞,今となっては昔のことだが（いまとなってはむかしのことだが）＜今となってはもう昔の話だが。＞【今昔物語集】,祇園精舎の鐘の声、諸行無常の響きあり（ぎおんしょうじゃのかねのこえ、しょぎょうむじょうのひびきあり）＜この世は無常である。＞【平家物語】
まし,まし,〜だろうに・〜ただろう,「まし」は反実仮想の助動詞。「〜だろうに」「〜ただろう」の意。特殊型活用。未然形接続。事実に反する仮定や後悔を表す。「ましかば〜まし」の形。,反実仮想|だろうに|仮定|後悔|時代:平安時代|種別:助動詞,あやふき時は言はで、やすき時に教へけり（あやふきじはげんはで、やすきときにきょうへけり）＜危ない時には言わず、安心な時にこそ教えたのだ。＞【徒然草】,世にしたがへば、身苦し。（よにしたがへば、みにがし。）＜世間に合わせて生きると、身が苦しくなる。＞【徒然草】
まほし,まほし,〜たい・〜てほしい,「まほし」は希望の助動詞。「〜たい」「〜てほしい」の意。形容詞型活用。未然形接続。話し手の願望を表す。「見まほし」「聞きまほし」の形。,希望|たい|願望|未然形接続|時代:平安時代|種別:助動詞,花は盛りに、月は隈なきをのみ、見るものかは（はなはもりに、つきはくまなきをのみ、みるものかは）＜花は満開の時だけ、月は雲のない時だけを見るものだろうか。いや、そうではない。＞【徒然草】,冬はつとめて。（ふゆはつとめて。）＜冬は早朝がよい。＞【枕草子】
たし,たし,〜たい,「たし」は希望の助動詞。「〜たい」の意。形容詞型活用。連用形接続。「まほし」より口語的。「見たし」「聞きたし」などの形で願望を表す。,希望|たい|口語的|連用形接続|時代:平安時代|種別:助動詞,つれづれなるままに（つれづれなるままに）＜退屈なので、硯に向かって書きつける。＞【徒然草】,仁和寺にある法師、年寄るまで、石清水を拝まざりければ（にわじにあるほうし、としよるまで、いししみずをおがまざりければ）＜行き先を勘違いして失敗する話。＞【徒然草】
らし,らし,〜らしい・〜ようだ,「らし」は推定の助動詞。「〜らしい」「〜ようだ」の意。形容詞型活用の一部のみ。終止形接続。客観的な根拠に基づく推定を表す。,推定|らしい|客観的根拠|終止形接続|時代:平安時代|種別:助動詞,秋は夕暮れ。（あきはゆうぐれ。）＜秋は夕暮れがよい。＞【枕草子】,男もすなる日記といふものを、女もしてみむとて、するなり（おとこもすなるにっきといふものを、おんなもしてみむとて、するなり）＜男が書くという日記というものを、女も書いてみようと思って書くのである。＞【土佐日記】
めり,めり,〜ようだ・〜らしい,「めり」は推定の助動詞。「〜ようだ」「〜らしい」の意。ラ変型活用。終止形接続。視覚的な根拠に基づく推定。「見+あり」が語源。,推定|ようだ|視覚的|見あり|時代:平安時代|種別:助動詞,今となっては昔のことだが（いまとなってはむかしのことだが）＜今となってはもう昔の話だが。＞【今昔物語集】,祇園精舎の鐘の声、諸行無常の響きあり（ぎおんしょうじゃのかねのこえ、しょぎょうむじょうのひびきあり）＜この世は無常である。＞【平家物語】
なり(伝聞),なり,〜そうだ・〜と聞こえる,「なり」は伝聞・推定の助動詞。「〜そうだ」「〜と聞こえる」の意。ラ変型活用。終止形接続。「音+なり」で伝聞。断定の「なり」とは別。,伝聞|推定|そうだ|音なり|時代:平安時代|種別:助動詞,うつくしきもの。（うつくしきもの。）＜かわいいものを列挙する。＞【枕草子】,雪のいと高う降りたるを、例ならず御格子まゐりて、炭櫃に火おこして、物語などして集まりさぶらふに（ゆきのいとたかうおりたるを、れいならずごこうしまゐりて、すびつにひおこして、ものがたりなどしてあつまりさぶらふに）＜雪がたいそう降ったので、いつもと違って御格子を上げ、炭びつに火をおこし、物語などしながら集まってお仕えしているときに。＞【枕草子】
なり(断定),なり,〜だ・〜である,「なり」は断定の助動詞。「〜だ」「〜である」の意。ラ変型活用。体言・連体形に接続。現代語の「だ」「です」に相当。伝聞の「なり」とは別。,断定|だ|体言接続|である|時代:平安時代|種別:助動詞,やうやう白くなりゆく山ぎは（やうやうしろくなりゆくやまぎは）＜だんだんと白くなっていく山際、夜明けの山の端。＞【枕草子】,いづれの御時にか（いづれのおほむときにか）＜いつの帝の御代であったか。＞【源氏物語】
たり(断定),たり,〜だ・〜である,「たり」は断定の助動詞。「〜だ」「〜である」の意。ラ変型活用。体言に接続。「と+あり」が語源。「なり」より古い断定表現。完了の「たり」とは別。,断定|だ|とあり|体言接続|時代:平安時代|種別:助動詞,つれづれなるままに（つれづれなるままに）＜退屈なので、硯に向かって書きつける。＞【徒然草】,仁和寺にある法師、年寄るまで、石清水を拝まざりければ（にわじにあるほうし、としよるまで、いししみずをおがまざりければ）＜行き先を勘違いして失敗する話。＞【徒然草】
る,る,〜れる・〜られる,「る」は受身・尊敬・自発・可能の助動詞。「〜れる」「〜られる」の意。下二段型活用。未然形接続(四段・ナ変・ラ変)。多義語として最重要。,受身|尊敬|自発|可能|時代:平安時代|種別:助動詞,秋は夕暮れ。（あきはゆうぐれ。）＜秋は夕暮れがよい。＞【枕草子】,男もすなる日記といふものを、女もしてみむとて、するなり（おとこもすなるにっきといふものを、おんなもしてみむとて、するなり）＜男が書くという日記というものを、女も書いてみようと思って書くのである。＞【土佐日記】
らる,らる,〜れる・〜られる,「らる」は受身・尊敬・自発・可能の助動詞。「〜れる」「〜られる」の意。下二段型活用。未然形接続(上一・上二・下一・下二・サ変)。「る」と同義で接続が異なる。,受身|尊敬|自発|可能|時代:平安時代|種別:助動詞,やうやう白くなりゆく山ぎは（やうやうしろくなりゆくやまぎは）＜だんだんと白くなっていく山際、夜明けの山の端。＞【枕草子】,いづれの御時にか（いづれのおほむときにか）＜いつの帝の御代であったか。＞【源氏物語】
す,す,〜せる・〜させる,「す」は使役・尊敬の助動詞。「〜せる」「〜させる」の意。サ変型活用。未然形接続(四段・ナ変・ラ変)。使役が主で尊敬は稀。「言はす」「泣かす」の形。,使役|尊敬|せる|四段ナ変ラ変|時代:平安時代|種別:助動詞,ゆく河の流れは絶えずして（ゆくかわのながれはたえずして）＜物事は常に移り変わる。＞【方丈記】,春はあけぼの。（はるはあけぼの。）＜春は夜明けがよい。＞【枕草子】
さす,さす,〜せる・〜させる,「さす」は使役・尊敬の助動詞。「〜せる」「〜させる」の意。サ変型活用。未然形接続(上一・上二・下一・下二・サ変)。「す」と同義で接続が異なる。,使役|尊敬|せる|上下二段サ変|時代:平安時代|種別:助動詞,月日は百代の過客にして（つきひはひゃくだいのかかくにして）＜月日も年も旅人のように過ぎていく。＞【奥の細道】,つれづれなるままに、日暮らし、硯にむかひて（つれづれなるままに、ひぐらし、すずりにむかひて）＜退屈なので、硯に向かって書きつける。＞【徒然草】
しむ,しむ,〜させる,「しむ」は使役の助動詞。「〜させる」の意。下二段型活用。未然形接続。「す・さす」と同じ使役だが接続が異なる。古語では稀。,使役|させる|下二段|未然形接続|時代:平安時代|種別:助動詞,一事を必ず成さんと思はば、他の事の破るるをも傷むべからず（いちじをかならずせいさんとおもはば、たのことのやぶるるをもいたむべからず）＜一つの事を必ずやり遂げようと思うなら、他の事がだめになるのも惜しんではならない。＞【徒然草】,高名の木登りといひし男、人を掟てて、高き木に登せて、梢を切らせしに（こうみょうのきのぼりといひしおとこ、ひとをおきててて、たかききにのぼせて、こずえをきらせしに）＜危険は油断した時に起こる。＞【徒然草】
じ,じ,〜まい・〜ないつもりだ,「じ」は打消推量・打消意志の助動詞。「〜まい」「〜ないつもりだ」の意。特殊型活用。未然形接続。「む」の打消形として重要。,打消推量|打消意志|まい|む打消|時代:平安時代|種別:助動詞,世にしたがへば、身苦し。（よにしたがへば、みにがし。）＜世間に合わせて生きると、身が苦しくなる。＞【徒然草】,ゆく河の流れは絶えずして（ゆくかわのながれはたえずして）＜物事は常に移り変わる。＞【方丈記】
まじ,まじ,〜ないだろう・〜べきでない,「まじ」は打消推量・打消当然の助動詞。「〜ないだろう」「〜べきでない」の意。形容詞型活用。終止形接続。「べし」の打消形として重要。,打消推量|べきでない|べし打消|形容詞型|時代:平安時代|種別:助動詞,冬はつとめて。（ふゆはつとめて。）＜冬は早朝がよい。＞【枕草子】,今となっては昔のことだが（いまとなってはむかしのことだが）＜今となってはもう昔の話だが。＞【今昔物語集】
尊敬語の「れる・られる」,れる・られる,尊敬の助動詞,助動詞「れる・られる」は尊敬・受身・自発・可能の四つの意味を持つ。未然形に接続。文脈で尊敬かどうかを判断。主語が高貴な人物で動作主なら尊敬。「見られる」「言はれる」など。,尊敬|助動詞|受身|自発|可能|識別|時代:平安時代|種別:古文敬語,ゆく河の流れは絶えずして、しかももとの水にあらず（ゆくかわのながれはたえずして、しかももとのみずにあらず）＜物事は常に移り変わる。＞【方丈記】,秋は夕暮れ。（あきはゆうぐれ。）＜秋は夕暮れがよい。＞【枕草子】
絶対敬語と相対敬語,絶対敬語・相対敬語,敬語の分類,「絶対敬語」は天皇・皇族など特定の高貴な人物に対してのみ使う敬語。「相対敬語」は話し手と聞き手の上下関係で使い分ける敬語。平安時代は絶対敬語中心。鎌倉時代以降は相対敬語も発達。,絶対敬語|相対敬語|分類|時代|時代:平安時代|種別:古文敬語,友とするにわろき者、七つあり（ともとするにわろきしゃ、ななつあり）＜友にしてはいけない人が七種類いる。＞【徒然草】,うつくしきもの。（うつくしきもの。）＜かわいいものを列挙する。＞【枕草子】
二方向の敬語,二方向敬語,複数方向への敬意,一つの文の中で複数の人物に対して敬意を表すこと。例えば動詞に尊敬語を使い、さらに補助動詞で謙譲を表すなど。「申し給ふ」「聞こえ給ふ」などが二方向の敬語の例。主語と対象の両方への敬意。,二方向|複数敬意|複合|主語と対象|時代:平安時代|種別:古文敬語,いづれの御時にか、女御、更衣あまた候ひ給ひける中に、いとやむごとなき際にはあらぬが、すぐれて時めき給ふありけり。（いづれのおほむときにか、にょうご、こういあまたさぶらひたまひけるなかに、いとやむごとなききはにはあらぬが、すぐれてときめきたまふありけり。）＜いつの帝の御代であったか。＞【源氏物語】,祇園精舎の鐘の声（ぎおんしょうじゃのかねのこえ）＜この世は無常である。＞【平家物語】
敬語の識別（給ふの三用法）,たまうの識別,給ふの意味判定,「給ふ」は本動詞「与える」、尊敬の補助動詞「〜なさる」、謙譲の補助動詞「〜申し上げる」の三つの用法がある。動詞の連用形に付けば補助動詞。主語が高貴なら尊敬、動作の対象が高貴なら謙譲。識別問題の頻出項目。,識別|三用法|本動詞|尊敬|謙譲|時代:平安時代|種別:古文敬語,高名の木登りといひし男、人を掟てて、高き木に登せて、梢を切らせしに（こうみょうのきのぼりといひしおとこ、ひとをおきててて、たかききにのぼせて、こずえをきらせしに）＜危険は油断した時に起こる。＞【徒然草】,春はあけぼの（はるはあけぼの）＜春は夜明けがよい。＞【枕草子】
最高敬語（おはします）,おわします,天皇への敬語,「おはします」は天皇や皇族など最高位の人物にのみ使う最高敬語。「おはす」に尊敬の助動詞「ます」が付いた二重敬語。一般の貴族には使わない。絶対敬語の典型例。,最高敬語|天皇|二重敬語|絶対敬語|時代:平安時代|種別:古文敬語,花は盛りに、月は隈なきをのみ、見るものかは（はなはもりに、つきはくまなきをのみ、みるものかは）＜花は満開の時だけ、月は雲のない時だけを見るものだろうか。いや、そうではない。＞【徒然草】,冬はつとめて。（ふゆはつとめて。）＜冬は早朝がよい。＞【枕草子】
謙譲語Ⅱ（丁重語）,謙譲語Ⅱ,丁重語の概念,謙譲語Ⅱ（丁重語）は、動作の向かう先ではなく、話し手が聞き手に対して丁重に述べる表現。「参る」「申す」「存ず」など。動作の対象に敬意を表すのではなく、話し手の謙虚な態度を示す。,謙譲語Ⅱ|丁重語|話し手|聞き手|態度|時代:平安時代|種別:古文敬語,中納言参り給ひて、御扇奉らせ給ふに（ちゅうなごんまいりきゅうひて、ごおうぎたてまつらせきゅうふに）＜中納言が参上なさって、御扇を差し上げなさるときに。＞【枕草子】,いづれの御時にか、女御、更衣あまた候ひ給ひける中に、いとやむごとなき際にはあらぬが、すぐれて時めき給ふありけり。（いづれのおほむときにか、にょうご、こういあまたさぶらひたまひけるなかに、いとやむごとなききはにはあらぬが、すぐれてときめきたまふありけり。）＜いつの帝の御代であったか。＞【源氏物語】
複合敬語,複合敬語,敬語の重ね方,複合敬語は二つ以上の敬語表現を組み合わせたもの。「申し給ふ」（謙譲+尊敬）、「おはします」（尊敬+尊敬）など。より高い敬意を表す。「のたまはせ給ふ」のような三重敬語もある。,複合敬語|二重敬語|組み合わせ|高敬意|時代:平安時代|種別:古文敬語,少しのことにも先達はあらまほしきことなり（すこしのことにもせんだつはあらまほしきことなり）＜些細なことでも、先に知っている人がいてほしいものだ。＞【徒然草】,中納言参り給ひて、御扇奉らせ給ふに（ちゅうなごんまいりきゅうひて、ごおうぎたてまつらせきゅうふに）＜中納言が参上なさって、御扇を差し上げなさるときに。＞【枕草子】
敬意の方向,敬意の方向,敬語の向き,敬語には「誰から誰への敬意か」という方向性がある。尊敬語は動作の主体に敬意、謙譲語は動作の対象に敬意。複数の人物が登場する文では、敬語の方向を正しく把握することが読解の鍵。,敬意|方向|主体|対象|読解|時代:平安時代|種別:古文敬語,春はあけぼの。（はるはあけぼの。）＜春は夜明けがよい。＞【枕草子】,世の中にたえて桜のなかりせば、春の心はのどけからまし（よのなかにたえてさくらのなかりせば、はるのこころはのどけからまし）＜もし世の中に桜がまったくなかったなら、春の心はどれほどのどかだっただろう。＞【古今和歌集】
敬語の省略,敬語の省略,敬語表現の簡略化,会話文や親しい間柄では敬語が省略されることがある。「給ふ」が省かれたり、簡略な形になったりする。文脈から補って理解する必要がある。「のたまふ」→「言ふ」など。,省略|簡略化|会話|文脈|理解|時代:平安時代|種別:古文敬語,花は盛りに、月は隈なきをのみ、見るものかは（はなはもりに、つきはくまなきをのみ、みるものかは）＜花は満開の時だけ、月は雲のない時だけを見るものだろうか。いや、そうではない。＞【徒然草】,冬はつとめて。（ふゆはつとめて。）＜冬は早朝がよい。＞【枕草子】
お・ご（接頭語）,お・ご,美化語の接頭語,「お」「ご」は名詞に付いて丁寧さや美しさを添える接頭語。「お手紙」「ご返事」など。古文では「御」と書く。「御文」「御返り」などの形。美化語として機能。,接頭語|美化語|御|丁寧|名詞|時代:平安時代|種別:古文敬語,ゆく河の流れは絶えずして（ゆくかわのながれはたえずして）＜物事は常に移り変わる。＞【方丈記】,春はあけぼの。（はるはあけぼの。）＜春は夜明けがよい。＞【枕草子】
身分による敬語の違い,身分と敬語,社会階層と敬語,古文の敬語は話し手と相手の身分関係で使い分けられる。天皇・皇族には最高敬語、貴族間では通常敬語、庶民には敬語を使わないなど。身分社会を反映した言語表現。,身分|階層|社会|使い分け|天皇|時代:平安時代|種別:古文敬語,仁和寺にある法師、年寄るまで、石清水を拝まざりければ（にわじにあるほうし、としよるまで、いししみずをおがまざりければ）＜行き先を勘違いして失敗する話。＞【徒然草】,ゆく河の流れは絶えずして、しかももとの水にあらず（ゆくかわのながれはたえずして、しかももとのみずにあらず）＜物事は常に移り変わる。＞【方丈記】
を,を,格助詞（対象・経由）,格助詞「を」は動作の対象を示す。「花を見る」「道を行く」。現代語とほぼ同じ用法。移動の経由地も表す。,助詞|格助詞|対象|経由|を|種別:助詞,秋は夕暮れ。（あきはゆうぐれ。）＜秋は夕暮れがよい。＞【枕草子】,男もすなる日記といふものを、女もしてみむとて、するなり（おとこもすなるにっきといふものを、おんなもしてみむとて、するなり）＜男が書くという日記というものを、女も書いてみようと思って書くのである。＞【土佐日記】
に,に,格助詞（場所・時・対象）,格助詞「に」は場所・時・動作の対象などを示す。「京に住む」「春に咲く」「人に会ふ」。多様な意味を持つ最頻出助詞。,助詞|格助詞|場所|時|対象|種別:助詞,祇園精舎の鐘の声（ぎおんしょうじゃのかねのこえ）＜この世は無常である。＞【平家物語】,つれづれなるままに、日暮らし硯に向かひて（つれづれなるままに、ひぐらしすずりにむかひて）＜退屈なので、硯に向かって書きつける。＞【徒然草】
にて,にて,格助詞（場所・手段）,格助詞「にて」は動作が行われる場所や手段を示す。「京にて聞く」（京都で聞く）「筆にて書く」（筆で書く）。「に」+「て」。,助詞|格助詞|場所|手段|にて|種別:助詞,祇園精舎の鐘の声、諸行無常の響きあり。（ぎおんしょうじゃのかねのこえ、しょぎょうむじょうのひびきあり。）＜この世は無常である。＞【平家物語】,一事を必ず成さんと思はば、他の事の破るるをも傷むべからず（いちじをかならずせいさんとおもはば、たのことのやぶるるをもいたむべからず）＜一つの事を必ずやり遂げようと思うなら、他の事がだめになるのも惜しんではならない。＞【徒然草】
より,より,格助詞（起点・比較・手段）,格助詞「より」は起点・比較の基準・手段などを示す。「京より来たる」「花より美し」。現代語の「から」「よりも」に相当。,助詞|格助詞|起点|比較|より|種別:助詞,祇園精舎の鐘の声、諸行無常の響きあり。（ぎおんしょうじゃのかねのこえ、しょぎょうむじょうのひびきあり。）＜この世は無常である。＞【平家物語】,一事を必ず成さんと思はば、他の事の破るるをも傷むべからず（いちじをかならずせいさんとおもはば、たのことのやぶるるをもいたむべからず）＜一つの事を必ずやり遂げようと思うなら、他の事がだめになるのも惜しんではならない。＞【徒然草】
して,して,格助詞（手段・様態）,格助詞「して」は手段・方法・様態を示す。「力して動かす」（力で動かす）。動詞「す」の連用形から。,助詞|格助詞|手段|様態|して|種別:助詞,秋は夕暮れ。（あきはゆうぐれ。）＜秋は夕暮れがよい。＞【枕草子】,男もすなる日記といふものを、女もしてみむとて、するなり（おとこもすなるにっきといふものを、おんなもしてみむとて、するなり）＜男が書くという日記というものを、女も書いてみようと思って書くのである。＞【土佐日記】
ば,ば,接続助詞（順接確定条件）,接続助詞「ば」は已然形に付いて確定条件を表す。「春来れば」（春が来たので）。原因・理由を表す。未然形+ばは仮定条件。,助詞|接続助詞|順接|確定条件|已然形|種別:助詞,一事を必ず成さんと思はば、他の事の破るるをも傷むべからず（いちじをかならずせいさんとおもはば、たのことのやぶるるをもいたむべからず）＜一つの事を必ずやり遂げようと思うなら、他の事がだめになるのも惜しんではならない。＞【徒然草】,高名の木登りといひし男、人を掟てて、高き木に登せて、梢を切らせしに（こうみょうのきのぼりといひしおとこ、ひとをおきててて、たかききにのぼせて、こずえをきらせしに）＜危険は油断した時に起こる。＞【徒然草】
ど・ども,ど・ども,接続助詞（逆接）,接続助詞「ど」「ども」は逆接を表す。已然形に付く。「行けど見えず」（行ったが見えない）。「ども」は「ど」より強い逆接。,助詞|接続助詞|逆接|已然形|けれども|種別:助詞,高名の木登りといひし男、人を掟てて、高き木に登せて、梢を切らせしに（こうみょうのきのぼりといひしおとこ、ひとをおきててて、たかききにのぼせて、こずえをきらせしに）＜危険は油断した時に起こる。＞【徒然草】,春はあけぼの（はるはあけぼの）＜春は夜明けがよい。＞【枕草子】
て,て,接続助詞（継起・並列）,接続助詞「て」は継起・並列を表す。連用形に付く。「見て帰る」（見て帰る）「美しくて優し」（美しくて優しい）。現代語とほぼ同じ。,助詞|接続助詞|継起|並列|連用形|種別:助詞,今となっては昔のことだが（いまとなってはむかしのことだが）＜今となってはもう昔の話だが。＞【今昔物語集】,祇園精舎の鐘の声、諸行無常の響きあり（ぎおんしょうじゃのかねのこえ、しょぎょうむじょうのひびきあり）＜この世は無常である。＞【平家物語】
で,で,接続助詞（打消継起）,接続助詞「で」は打消の継起を表す。未然形+「ず」の連用形。「言はで帰る」（言わないで帰る）。「〜ないで」の意。,助詞|接続助詞|打消継起|未然形|ずて|種別:助詞,つれづれなるままに、日暮らし、硯にむかひて、心にうつりゆくよしなし事を、そこはかとなく書きつくれば、あやしうこそものぐるほしけれ。（つれづれなるままに、ひぐらし、すずりにむかひて、こころにうつりゆくよしなしことを、そこはかとなくかきつくれば、あやしうこそものぐるほしけれ。）＜退屈なので、硯に向かって書きつける。＞【徒然草】,奥山に、猫またといふものありて、人を食ふなる（おくやまに、ねこまたといふものありて、ひとをしょくふなる）＜奥深い山には猫またというものがいて、人を食うという。＞【徒然草】
とも,とも,接続助詞（逆接仮定）,接続助詞「とも」は逆接の仮定条件を表す。「雨降るとも行かむ」（雨が降っても行こう）。「〜ても」の意。終止形に付く。,助詞|接続助詞|逆接仮定|終止形|〜ても|種別:助詞,奥山に、猫またといふものありて、人を食ふなる（おくやまに、ねこまたといふものありて、ひとをしょくふなる）＜奥深い山には猫またというものがいて、人を食うという。＞【徒然草】,やうやう白くなりゆく山ぎは（やうやうしろくなりゆくやまぎは）＜だんだんと白くなっていく山際、夜明けの山の端。＞【枕草子】
已然形+ば,いぜんけい+ば,順接確定条件,已然形に「ば」が付くと順接確定条件を表す。「春来れば花咲く」（春が来たので花が咲く）。既に起こった事柄の原因・理由。,文法|確定条件|順接|已然形|原因|種別:助詞,少しのことにも先達はあらまほしきことなり（すこしのことにもせんだつはあらまほしきことなり）＜些細なことでも、先に知っている人がいてほしいものだ。＞【徒然草】,中納言参り給ひて、御扇奉らせ給ふに（ちゅうなごんまいりきゅうひて、ごおうぎたてまつらせきゅうふに）＜中納言が参上なさって、御扇を差し上げなさるときに。＞【枕草子】
未然形+ば,みぜんけい+ば,順接仮定条件,未然形に「ば」が付くと順接仮定条件を表す。「行かば見えむ」（行けば見えるだろう）。まだ起こっていない事柄の仮定。,文法|仮定条件|順接|未然形|もし|種別:助詞,祇園精舎の鐘の声、諸行無常の響きあり（ぎおんしょうじゃのかねのこえ、しょぎょうむじょうのひびきあり）＜この世は無常である。＞【平家物語】,一つには、高く、やんごとなき人（ひとつには、たかく、やんごとなきひと）＜一つ目は、身分が高く、たいへん高貴な人。＞【徒然草】
連用形中止法,れんようけいちゅうしほう,文を中断して続ける,連用形で文を中断し、次の文に続ける表現法。「花咲き鳥鳴く」（花が咲き、鳥が鳴く）。「て」を使わない並列表現。簡潔な文体。,文法|中止法|連用形|並列|簡潔|種別:助詞,少しのことにも先達はあらまほしきことなり（すこしのことにもせんだつはあらまほしきことなり）＜些細なことでも、先に知っている人がいてほしいものだ。＞【徒然草】,中納言参り給ひて、御扇奉らせ給ふに（ちゅうなごんまいりきゅうひて、ごおうぎたてまつらせきゅうふに）＜中納言が参上なさって、御扇を差し上げなさるときに。＞【枕草子】
打消の「ず」,うちけしの「ず」,打消の助動詞,「ず」は打消を表す助動詞。未然形に付く。「行かず」「知らず」。「〜ない」の意。連用形は「ず」、連体形は「ぬ」、已然形は「ね」。,助動詞|打消|未然形|ず|〜ない|種別:助詞,つれづれなるままに、日暮らし硯に向かひて（つれづれなるままに、ひぐらしすずりにむかひて）＜退屈なので、硯に向かって書きつける。＞【徒然草】,少しのことにも先達はあらまほしきことなり（すこしのことにもせんだつはあらまほしきことなり）＜些細なことでも、先に知っている人がいてほしいものだ。＞【徒然草】
完了の「つ」「ぬ」,かんりょうの「つ」「ぬ」,完了の助動詞,「つ」「ぬ」は完了を表す助動詞。「書きつ」「行きぬ」（書いてしまった・行ってしまった）。「つ」は強意的完了、「ぬ」は自然的完了。連用形接続。,助動詞|完了|つ|ぬ|〜てしまった|種別:助詞,祇園精舎の鐘の声、諸行無常の響きあり（ぎおんしょうじゃのかねのこえ、しょぎょうむじょうのひびきあり）＜この世は無常である。＞【平家物語】,一つには、高く、やんごとなき人（ひとつには、たかく、やんごとなきひと）＜一つ目は、身分が高く、たいへん高貴な人。＞【徒然草】
が,が,格助詞（主語）,格助詞「が」は主語を示す。「我が家」「花が咲く」。所有を表す場合もある。現代語の「の」に近い用法も。連体修飾格としても使用。,助詞|格助詞|主語|所有|連体修飾|種別:助詞,祇園精舎の鐘の声（ぎおんしょうじゃのかねのこえ）＜この世は無常である。＞【平家物語】,つれづれなるままに、日暮らし硯に向かひて（つれづれなるままに、ひぐらしすずりにむかひて）＜退屈なので、硯に向かって書きつける。＞【徒然草】
の,の,格助詞（連体修飾）,格助詞「の」は連体修飾・所有・同格などを表す。「京の花」「これの本」。主語を示すこともある。「鳥の鳴く」（鳥が鳴く）。現代語とほぼ同じ。,助詞|格助詞|連体修飾|所有|主語|種別:助詞,いづれの御時にか、女御、更衣あまた候ひ給ひける中に、いとやむごとなき際にはあらぬが、すぐれて時めき給ふありけり。（いづれのおほむときにか、にょうご、こういあまたさぶらひたまひけるなかに、いとやむごとなききはにはあらぬが、すぐれてときめきたまふありけり。）＜いつの帝の御代であったか。＞【源氏物語】,祇園精舎の鐘の声（ぎおんしょうじゃのかねのこえ）＜この世は無常である。＞【平家物語】
と,と,格助詞（引用・並列）,格助詞「と」は引用・並列・比較などを表す。「『行く』と言ふ」（「行く」と言う）「花と鳥」（花と鳥）。現代語とほぼ同じ用法。,助詞|格助詞|引用|並列|比較|種別:助詞,冬はつとめて。（ふゆはつとめて。）＜冬は早朝がよい。＞【枕草子】,今となっては昔のことだが（いまとなってはむかしのことだが）＜今となってはもう昔の話だが。＞【今昔物語集】
へ,へ,格助詞（方向）,格助詞「へ」は移動の方向を示す。「京へ行く」「山へ登る」。現代語とほぼ同じ。「え」とも表記される。,助詞|格助詞|方向|移動|へ|種別:助詞,いづれの御時にか（いづれのおほむときにか）＜いつの帝の御代であったか。＞【源氏物語】,月日は百代の過客にして、行きかふ年も又旅人也（つきひはひゃくだいのかかくにして、いきかふとしもまたたびびとなり）＜月日も年も旅人のように過ぎていく。＞【奥の細道】
や,や,係助詞（疑問・反語）,係助詞「や」は疑問・反語を表し、文末を連体形で結ぶ（係り結び）。「誰や来たる」（誰が来たのか）。疑問の意を強める。,助詞|係助詞|疑問|反語|係り結び|種別:助詞,月日は百代の過客にして、行きかふ年も又旅人也（つきひはひゃくだいのかかくにして、いきかふとしもまたたびびとなり）＜月日も年も旅人のように過ぎていく。＞【奥の細道】,つれづれなるままに、日暮らし、硯にむかひて、心にうつりゆくよしなし事を、そこはかとなく書きつくれば、あやしうこそものぐるほしけれ。（つれづれなるままに、ひぐらし、すずりにむかひて、こころにうつりゆくよしなしことを、そこはかとなくかきつくれば、あやしうこそものぐるほしけれ。）＜退屈なので、硯に向かって書きつける。＞【徒然草】
過去の「き」「けり」,かこの「き」「けり」,過去の助動詞,「き」「けり」は過去を表す助動詞。「き」は直接経験した過去、「けり」は伝聞・回想の過去。「行きき」「行きけり」。「き」は連用形接続、「けり」は連用形接続。,助動詞|過去|き|けり|経験|伝聞|種別:助動詞,世の中にたえて桜のなかりせば、春の心はのどけからまし（よのなかにたえてさくらのなかりせば、はるのこころはのどけからまし）＜もし世の中に桜がまったくなかったなら、春の心はどれほどのどかだっただろう。＞【古今和歌集】,あやふき時は言はで、やすき時に教へけり（あやふきじはげんはで、やすきときにきょうへけり）＜危ない時には言わず、安心な時にこそ教えたのだ。＞【徒然草】
推量の「む」「らむ」,すいりょうの「む」「らむ」,推量の助動詞,「む」「らむ」は推量を表す助動詞。「む」は未来推量・意志、「らむ」は現在推量。「行かむ」（行くだろう・行こう）「今頃するらむ」（今頃しているだろう）。,助動詞|推量|む|らむ|未来|現在|種別:助動詞,世にしたがへば、身苦し。（よにしたがへば、みにがし。）＜世間に合わせて生きると、身が苦しくなる。＞【徒然草】,ゆく河の流れは絶えずして（ゆくかわのながれはたえずして）＜物事は常に移り変わる。＞【方丈記】
受身・可能・自発・尊敬の「る」「らる」,うけみ・かのう・じはつ・そんけいの「る」「らる」,多義の助動詞,「る」「らる」は受身・可能・自発・尊敬の4つの意味を持つ助動詞。文脈で判断。「見らる」（見られる・見ることができる・自然と見える・ご覧になる）。未然形接続。,助動詞|受身|可能|自発|尊敬|る|らる|種別:助動詞,花は盛りに、月は隈なきをのみ、見るものかは（はなはもりに、つきはくまなきをのみ、みるものかは）＜花は満開の時だけ、月は雲のない時だけを見るものだろうか。いや、そうではない。＞【徒然草】,冬はつとめて。（ふゆはつとめて。）＜冬は早朝がよい。＞【枕草子】
使役・尊敬の「す」「さす」,しえき・そんけいの「す」「さす」,二義の助動詞,「す」「さす」は使役・尊敬の2つの意味を持つ助動詞。「行かす」（行かせる・お行きになる）。文脈で判断。未然形接続。四段・ナ変には「す」、その他には「さす」。,助動詞|使役|尊敬|す|さす|未然形|種別:助動詞,つれづれなるままに、日暮らし、硯にむかひて、心にうつりゆくよしなし事を、そこはかとなく書きつくれば、あやしうこそものぐるほしけれ。（つれづれなるままに、ひぐらし、すずりにむかひて、こころにうつりゆくよしなしことを、そこはかとなくかきつくれば、あやしうこそものぐるほしけれ。）＜退屈なので、硯に向かって書きつける。＞【徒然草】,奥山に、猫またといふものありて、人を食ふなる（おくやまに、ねこまたといふものありて、ひとをしょくふなる）＜奥深い山には猫またというものがいて、人を食うという。＞【徒然草】
断定の「なり」「たり」,だんていの「なり」「たり」,断定の助動詞,「なり」「たり」は断定を表す助動詞。「花なり」「学者たり」（花だ・学者だ）。「なり」は体言・連体形接続、「たり」は体言接続。現代語の「だ」に相当。,助動詞|断定|なり|たり|だ|である|種別:助動詞,世の中にたえて桜のなかりせば、春の心はのどけからまし（よのなかにたえてさくらのなかりせば、はるのこころはのどけからまし）＜もし世の中に桜がまったくなかったなら、春の心はどれほどのどかだっただろう。＞【古今和歌集】,あやふき時は言はで、やすき時に教へけり（あやふきじはげんはで、やすきときにきょうへけり）＜危ない時には言わず、安心な時にこそ教えたのだ。＞【徒然草】
伝聞・推定の「なり」,でんぶん・すいていの「なり」,様態の助動詞,断定の「なり」とは別の助動詞。伝聞「〜そうだ」、推定「〜ようだ」を表す。「雨降るなり」（雨が降るそうだ・降るようだ）。終止形・ラ変連体形接続。音で判断。,助動詞|伝聞|推定|様態|なり|そうだ|-|時代:助動詞,つれづれなるままに、日暮らし、硯にむかひて（つれづれなるままに、ひぐらし、すずりにむかひて）＜退屈なので、硯に向かって書きつける。＞【徒然草】,友とするにわろき者、七つあり（ともとするにわろきしゃ、ななつあり）＜友にしてはいけない人が七種類いる。＞【徒然草】
様態の「ごとし」,ようたいの「ごとし」,比況の助動詞,「ごとし」は比況（〜のようだ）を表す助動詞。「花のごとし」「咲くがごとし」（花のようだ・咲くかのようだ）。体言・連体形・「が」「の」に接続。形容詞型活用。,助動詞|比況|ごとし|ようだ|如し|形容詞型|種別:助動詞,男もすなる日記といふものを、女もしてみむとて、するなり（おとこもすなるにっきといふものを、おんなもしてみむとて、するなり）＜男が書くという日記というものを、女も書いてみようと思って書くのである。＞【土佐日記】,つれづれなるままに（つれづれなるままに）＜退屈なので、硯に向かって書きつける。＞【徒然草】
願望の「たし」,がんぼうの「たし」,希望の助動詞,「たし」は願望・希望を表す助動詞。「見たし」「聞きたし」（見たい・聞きたい）。形容詞型活用。連用形接続。「まほし」より直接的な願望。,助動詞|願望|希望|たし|〜たい|形容詞型|種別:助動詞,いづれの御時にか（いづれのおほむときにか）＜いつの帝の御代であったか。＞【源氏物語】,月日は百代の過客にして、行きかふ年も又旅人也（つきひはひゃくだいのかかくにして、いきかふとしもまたたびびとなり）＜月日も年も旅人のように過ぎていく。＞【奥の細道】
打消推量の「じ」,うちけしすいりょうの「じ」,打消推量の助動詞,「じ」は打消推量・打消意志を表す助動詞。「行かじ」（行くまい・行かないだろう）。未然形接続（一部終止形）。現代語の「まい」に相当。,助動詞|打消推量|打消意志|じ|まい|未然形|種別:助動詞,仁和寺にある法師、年寄るまで、石清水を拝まざりければ（にわじにあるほうし、としよるまで、いししみずをおがまざりければ）＜行き先を勘違いして失敗する話。＞【徒然草】,ゆく河の流れは絶えずして、しかももとの水にあらず（ゆくかわのながれはたえずして、しかももとのみずにあらず）＜物事は常に移り変わる。＞【方丈記】
四段活用,よだんかつよう,動詞の活用形,四段活用は動詞の基本活用の一つ。未然形・連用形・終止形・連体形・已然形・命令形の6つの活用形を持つ。語幹+「ア・イ・ウ・ウ・エ・エ」の音便。「書く」など多数。,文法|活用|四段|動詞|6形|-|時代:助動詞,秋は夕暮れ。（あきはゆうぐれ。）＜秋は夕暮れがよい。＞【枕草子】,男もすなる日記といふものを、女もしてみむとて、するなり（おとこもすなるにっきといふものを、おんなもしてみむとて、するなり）＜男が書くという日記というものを、女も書いてみようと思って書くのである。＞【土佐日記】
上二段活用,かみにだんかつよう,動詞の活用形,上二段活用は動詞の活用の一つ。「イ・イ・ウ・ウル・ウレ・イヨ」の形。「起く」「落つ」など。中古では上一段化が進行。,文法|活用|上二段|動詞|起く|落つ|種別:助動詞,月日は百代の過客にして、行きかふ年も又旅人也（つきひはひゃくだいのかかくにして、いきかふとしもまたたびびとなり）＜月日も年も旅人のように過ぎていく。＞【奥の細道】,つれづれなるままに、日暮らし、硯にむかひて、心にうつりゆくよしなし事を、そこはかとなく書きつくれば、あやしうこそものぐるほしけれ。（つれづれなるままに、ひぐらし、すずりにむかひて、こころにうつりゆくよしなしことを、そこはかとなくかきつくれば、あやしうこそものぐるほしけれ。）＜退屈なので、硯に向かって書きつける。＞【徒然草】
下二段活用,しもにだんかつよう,動詞の活用形,下二段活用は動詞の活用の一つ。「エ・エ・ウ・ウル・ウレ・エヨ」の形。「受く」「得」など。中古では下一段化が進行。,文法|活用|下二段|動詞|受く|得|-|時代:助動詞,奥山に、猫またといふものありて、人を食ふなる（おくやまに、ねこまたといふものありて、ひとをしょくふなる）＜奥深い山には猫またというものがいて、人を食うという。＞【徒然草】,やうやう白くなりゆく山ぎは（やうやうしろくなりゆくやまぎは）＜だんだんと白くなっていく山際、夜明けの山の端。＞【枕草子】
ナ変・ラ変活用,なへん・らへんかつよう,特殊な活用,ナ変は「死ぬ」「往ぬ」のみ。ラ変は「あり」「をり」「侍り」「候ふ」の4語のみ。不規則な活用形を持つ。「ナ・ニ・ヌ・ヌル・ヌれ・ネ」、「ラ・リ・リ・ル・レ・レ」。,文法|活用|ナ変|ラ変|死ぬ|あり|-|時代:助動詞,祇園精舎の鐘の声（ぎおんしょうじゃのかねのこえ）＜この世は無常である。＞【平家物語】,つれづれなるままに、日暮らし硯に向かひて（つれづれなるままに、ひぐらしすずりにむかひて）＜退屈なので、硯に向かって書きつける。＞【徒然草】
形容詞の活用,けいようしのかつよう,形容詞の変化,形容詞はク活用とシク活用の2種類。ク活用は「高し」など、シク活用は「美し」など。語幹+「ク・ク・シ・キ・ケレ・×」。連用形が2つあるのが特徴（く・しく）。,文法|活用|形容詞|ク活用|シク活用|美し|-|時代:助動詞,つれづれなるままに、日暮らし硯に向かひて（つれづれなるままに、ひぐらしすずりにむかひて）＜退屈なので、硯に向かって書きつける。＞【徒然草】,少しのことにも先達はあらまほしきことなり（すこしのことにもせんだつはあらまほしきことなり）＜些細なことでも、先に知っている人がいてほしいものだ。＞【徒然草】
形容動詞の活用,けいようどうしのかつよう,形容動詞の変化,形容動詞はナリ活用とタリ活用の2種類。ナリ活用は「静かなり」など、タリ活用は「堂々たり」など。「ナラ・ナリ（ニ）・ナリ・ナル・ナレ・ナレ」の形。,文法|活用|形容動詞|ナリ活用|タリ活用|静かなり|-|時代:助動詞,ゆく河の流れは絶えずして（ゆくかわのながれはたえずして）＜物事は常に移り変わる。＞【方丈記】,春はあけぼの。（はるはあけぼの。）＜春は夜明けがよい。＞【枕草子】
